{
    "cart": {
        "all_scores": {
            "kirfuzz-general-classifier:v2": 0.9238855242729187
        },
        "score": 0.9238855242729187,
        "source": "kirfuzz-general-classifier:v2"
    }
}