{
    "cart": {
        "all_scores": {
            "kirfuzz-general-classifier:v2": 0.9249781966209412
        },
        "score": 0.9249781966209412,
        "source": "kirfuzz-general-classifier:v2"
    }
}