{
    "cart": {
        "all_scores": {
            "kirfuzz-general-classifier:v2": 0.9350084662437439
        },
        "score": 0.9350084662437439,
        "source": "kirfuzz-general-classifier:v2"
    }
}