{
    "play": {
        "all_scores": {
            "kirfuzz-general-classifier:v2": 0.5994619727134705
        },
        "score": 0.5994619727134705,
        "source": "kirfuzz-general-classifier:v2"
    }
}