{
    "cart": {
        "all_scores": {
            "kirfuzz-general-classifier:v2": 0.9626631140708923
        },
        "score": 0.9626631140708923,
        "source": "kirfuzz-general-classifier:v2"
    }
}