{
    "menu": {
        "all_scores": {
            "kirfuzz-general-classifier:v2": 0.9311582446098328
        },
        "score": 0.9311582446098328,
        "source": "kirfuzz-general-classifier:v2"
    }
}