{
    "home": {
        "all_scores": {
            "kirfuzz-general-classifier:v2": 0.9106665849685669
        },
        "score": 0.9106665849685669,
        "source": "kirfuzz-general-classifier:v2"
    }
}